Target, ra[rad], dec[rad], ra[h:m:s], dec[d:m:s], ObservationTimeAtGaia[UTC], CcdRow[1-7], zetaFieldAngle[rad], scanAngle[rad], Fov[FovP=preceding/FovF=following], parallaxFactorAlongScan, parallaxFactorAcrossScan, ObservationTimeAtBarycentre[BarycentricJulianDateInTCB]
HD 33632,1.3669889772966024,0.6516590165506833,05:13:17.448,+37:20:14.321,2014-09-07T20:02:55.945,1,0.004261441385324073,-2.419338622854937,FoVP,-0.7139807546396543,0.721507425468232,2456908.3357978356
HD 33632,1.3669889772966024,0.6516590165506833,05:13:17.448,+37:20:14.321,2014-09-07T21:49:30.161,5,-9.544894992248997E-4,-2.4202204741216615,FoVF,-0.7136305588529797,0.7219838864565272,2456908.409812096
HD 33632,1.3669889772966024,0.6516590165506833,05:13:17.448,+37:20:14.321,2014-10-11T19:00:12.343,4,0.001844990104153869,-2.6989244787331725,FoVF,-0.5481129956895733,0.715562776608969,2456942.295425042
HD 33632,1.3669889772966024,0.6516590165506833,05:13:17.448,+37:20:14.321,2015-02-26T06:30:37.544,4,-0.0010163849352416324,-0.7842990960205769,FoVP,0.6685663841239335,0.7038981947222167,2457079.7735618614
HD 33632,1.3669889772966024,0.6516590165506833,05:13:17.448,+37:20:14.321,2015-02-26T08:17:11.748,2,0.0043439215473310136,-0.7831533431631229,FoVF,0.6677295026077388,0.7051080241324862,2457079.8475617887
HD 33632,1.3669889772966024,0.6516590165506833,05:13:17.448,+37:20:14.321,2015-03-28T07:55:49.189,1,0.005457876467591252,0.588823806199045,FoVF,-0.6552996516448154,0.7077481533077975,2457109.8298096643
HD 33632,1.3669889772966024,0.6516590165506833,05:13:17.448,+37:20:14.321,2015-03-28T12:09:29.205,7,-0.005608569703553211,0.5823156230017611,FoVP,-0.6507356749560859,0.7108871281275355,2457110.005950688
HD 33632,1.3669889772966024,0.6516590165506833,05:13:17.448,+37:20:14.321,2015-04-18T06:12:04.293,7,-0.006533791344582265,-0.7680639806381448,FoVP,0.3898713902485748,0.7177846905785434,2457130.7559392946
HD 33632,1.3669889772966024,0.6516590165506833,05:13:17.448,+37:20:14.321,2015-04-18T07:58:38.435,6,-0.003103768767807712,-0.7721436609584973,FoVF,0.3921103718707833,0.7157601708853536,2457130.829939783
HD 33632,1.3669889772966024,0.6516590165506833,05:13:17.448,+37:20:14.321,2015-08-31T06:43:00.914,1,0.004865564971320537,-2.4058116280271005,FoVP,-0.6878085837994734,0.7220322118950759,2457265.7795853484
HD 33632,1.3669889772966024,0.6516590165506833,05:13:17.448,+37:20:14.321,2015-08-31T08:29:35.136,5,-1.3801332074555073E-4,-2.407470299670282,FoVF,-0.6870095371493553,0.723135527289165,2457265.8535995437
HD 33632,1.3669889772966024,0.6516590165506833,05:13:17.448,+37:20:14.321,2015-10-21T06:18:54.018,1,0.004471299965674476,-2.8968391351998934,FoVP,-0.40082547260616475,0.7152650870733186,2457316.7675270303
HD 33632,1.3669889772966024,0.6516590165506833,05:13:17.448,+37:20:14.321,2015-10-21T08:05:28.195,4,5.314581390129491E-4,-2.893116607845149,FoVF,-0.40346347720117237,0.7129338131237428,2457316.84153943
HD 33632,1.3669889772966024,0.6516590165506833,05:13:17.448,+37:20:14.321,2016-01-24T02:22:49.398,7,-0.006579356942279041,0.236145041021683,FoVP,-0.03834907693935221,0.694428649438883,2457411.6042917464
HD 33632,1.3669889772966024,0.6516590165506833,05:13:17.448,+37:20:14.321,2016-01-24T08:23:03.958,6,-0.0038725920968205717,0.2546928790991775,FoVP,-0.052999549896909234,0.6964123003569312,2457411.85444359
HD 33632,1.3669889772966024,0.6516590165506833,05:13:17.448,+37:20:14.321,2016-01-24T10:09:38.234,6,-0.0031575038856307617,0.2601916339504578,FoVF,-0.057358402889244674,0.6969374272071714,2457411.9284464642
HD 33632,1.3669889772966024,0.6516590165506833,05:13:17.448,+37:20:14.321,2016-01-24T14:23:18.360,4,-0.0016147811680190876,0.27329939400961767,FoVP,-0.06777602079582802,0.6980729604950042,2457412.1045935275
HD 33632,1.3669889772966024,0.6516590165506833,05:13:17.448,+37:20:14.321,2016-01-24T16:09:52.595,5,-0.0010341575185062362,0.27881361290059464,FoVF,-0.07216954405264611,0.6985016850502285,2457412.178595899
HD 33632,1.3669889772966024,0.6516590165506833,05:13:17.448,+37:20:14.321,2016-01-24T20:23:32.633,3,1.8556436156794566E-4,0.2919545529356563,FoVP,-0.08266471202294118,0.699406370240556,2457412.3547418835
HD 33632,1.3669889772966024,0.6516590165506833,05:13:17.448,+37:20:14.321,2016-01-24T22:10:06.835,4,6.292818786538373E-4,0.29748114711269064,FoVF,-0.08708867642283567,0.6997375811664404,2457412.4287438514
HD 33632,1.3669889772966024,0.6516590165506833,05:13:17.448,+37:20:14.321,2016-01-25T04:10:20.983,4,0.0018248394530124305,0.3161833991809132,FoVF,-0.10210103063515528,0.7006418920781364,2457412.6788906604
HD 33632,1.3669889772966024,0.6516590165506833,05:13:17.448,+37:20:14.321,2016-01-25T08:24:00.906,2,0.0023818943010621763,0.32936757429373015,FoVP,-0.1127198448698961,0.7010784128387068,2457412.8550352077
HD 33632,1.3669889772966024,0.6516590165506833,05:13:17.448,+37:20:14.321,2016-01-25T10:10:35.068,3,0.0025450006018311066,0.33490894028439583,FoVF,-0.1171911823082803,0.7012122611944958,2457412.9290366755
HD 33632,1.3669889772966024,0.6516590165506833,05:13:17.448,+37:20:14.321,2016-01-25T14:24:14.967,2,0.00276305700835884,0.3481023527273083,FoVP,-0.12785522427154672,0.7014127131565167,2457413.1051808777
HD 33632,1.3669889772966024,0.6516590165506833,05:13:17.448,+37:20:14.321,2016-01-25T16:10:49.123,3,0.0027827504038084585,0.3536457808391573,FoVF,-0.13234316126613765,0.7014472524242198,2457413.179182254
HD 33632,1.3669889772966024,0.6516590165506833,05:13:17.448,+37:20:14.321,2016-01-25T20:24:29.019,2,0.002657189307499812,0.3668396702564774,FoVP,-0.1430409223748212,0.7014112029115603,2457413.355326366
HD 33632,1.3669889772966024,0.6516590165506833,05:13:17.448,+37:20:14.321,2016-01-25T22:11:03.178,3,0.0025316119796161395,0.37238140551992394,FoVF,-0.14754057165499984,0.7013463982839263,2457413.429327759
HD 33632,1.3669889772966024,0.6516590165506833,05:13:17.448,+37:20:14.321,2016-01-26T02:24:43.093,2,0.002058215448561157,0.3855666646156358,FoVP,-0.15826032082384694,0.701074122304188,2457413.605472041
HD 33632,1.3669889772966024,0.6516590165506833,05:13:17.448,+37:20:14.321,2016-01-26T04:11:17.266,4,0.0017856834223902193,0.39110281243277567,FoVF,-0.16276672159993388,0.7009102418277547,2457413.67947356
HD 33632,1.3669889772966024,0.6516590165506833,05:13:17.448,+37:20:14.321,2016-01-26T08:24:57.222,3,9.606596044898878E-4,0.40427001689142494,FoVP,-0.17349660196053956,0.7004027467082757,2457413.855618272
HD 33632,1.3669889772966024,0.6516590165506833,05:13:17.448,+37:20:14.321,2016-01-26T10:11:31.418,4,5.396729360711204E-4,0.40979655614814264,FoVF,-0.1780047614673837,0.7001403707809352,2457413.9296200266
HD 33632,1.3669889772966024,0.6516590165506833,05:13:17.448,+37:20:14.321,2016-01-26T14:25:11.439,4,-6.403204596819836E-4,0.42293599705504864,FoVP,-0.18873289084544134,0.6993994168962655,2457414.1057654307
HD 33632,1.3669889772966024,0.6516590165506833,05:13:17.448,+37:20:14.321,2016-01-26T16:11:45.665,5,-0.0012110681643103644,0.42844879422358995,FoVF,-0.19323782756796007,0.6990394454062332,2457414.179767531
HD 33632,1.3669889772966024,0.6516590165506833,05:13:17.448,+37:20:14.321,2016-01-26T20:25:25.773,5,-0.002748902097942923,0.4415505126895518,FoVP,-0.20395240322629904,0.6980675596501031,2457414.3559138877
HD 33632,1.3669889772966024,0.6516590165506833,05:13:17.448,+37:20:14.321,2016-01-26T22:12:00.041,7,-0.003470514929325013,0.4470453367865934,FoVF,-0.20844919124041658,0.6976112166242967,2457414.4299164424
HD 33632,1.3669889772966024,0.6516590165506833,05:13:17.448,+37:20:14.321,2016-01-27T02:25:40.259,6,-0.005368569191757951,0.46009916042917925,FoVP,-0.2191385960607972,0.6964117005468431,2457414.6060640095
HD 33632,1.3669889772966024,0.6516590165506833,05:13:17.448,+37:20:14.321,2016-03-07T19:39:51.913,3,0.0012121922309560186,-0.8542754870348369,FoVP,0.7041869581442349,0.7060162146074431,2457455.320674432
HD 33632,1.3669889772966024,0.6516590165506833,05:13:17.448,+37:20:14.321,2016-03-07T21:26:26.122,1,0.006665552464438079,-0.8542565304598202,FoVF,0.7040186443066007,0.7063161809805514,2457455.3946742327
HD 33632,1.3669889772966024,0.6516590165506833,05:13:17.448,+37:20:14.321,2016-04-12T14:55:55.710,1,0.005942206012869388,0.3628258985486866,FoVF,-0.48780566568372496,0.7085666572351743,2457491.1201509284
HD 33632,1.3669889772966024,0.6516590165506833,05:13:17.448,+37:20:14.321,2016-04-12T19:09:35.826,4,-7.294599410350257E-4,0.35199461456885456,FoVP,-0.4799952817800107,0.7120836520516343,2457491.296295099
HD 33632,1.3669889772966024,0.6516590165506833,05:13:17.448,+37:20:14.321,2016-04-12T20:56:10.002,7,-0.0034748396872719325,0.34740972259971487,FoVF,-0.47668869637983835,0.7135501447550359,2457491.3702956517
HD 33632,1.3669889772966024,0.6516590165506833,05:13:17.448,+37:20:14.321,2016-04-25T13:17:49.888,7,-0.00639600613720418,-0.5340341406546021,FoVP,0.1506039943362212,0.7184719412369589,2457504.051040776
HD 33632,1.3669889772966024,0.6516590165506833,05:13:17.448,+37:20:14.321,2016-04-25T15:04:24.008,7,-0.004297615005516056,-0.5389084680464333,FoVF,0.15350936115572406,0.7170256827047164,2457504.1250416706
HD 33632,1.3669889772966024,0.6516590165506833,05:13:17.448,+37:20:14.321,2016-04-25T19:18:03.957,3,7.591508228285377E-4,-0.5504829060947667,FoVP,0.16036430913827335,0.7135379064159008,2457504.3011863227
HD 33632,1.3669889772966024,0.6516590165506833,05:13:17.448,+37:20:14.321,2016-04-25T21:04:38.197,3,0.0029092713056413024,-0.5553339189506192,FoVF,0.1632188447704601,0.7120539222954,2457504.375188631
HD 33632,1.3669889772966024,0.6516590165506833,05:13:17.448,+37:20:14.321,2016-07-26T16:07:23.284,1,0.006574733665764367,-3.118795104425183,FoVF,0.10682475654855952,0.7218811268715385,2457596.168649828
HD 33632,1.3669889772966024,0.6516590165506833,05:13:17.448,+37:20:14.321,2016-07-26T22:07:37.867,2,0.005180252835275456,-3.1363485488714855,FoVF,0.11848620507860806,0.7229014193780243,2457596.4188352157
HD 33632,1.3669889772966024,0.6516590165506833,05:13:17.448,+37:20:14.321,2016-07-27T02:21:18.090,1,0.004362678166136526,3.134463758074025,FoVP,0.12674718221109432,0.7234981166164549,2457596.5950069344
HD 33632,1.3669889772966024,0.6516590165506833,05:13:17.448,+37:20:14.321,2016-07-27T04:07:52.375,2,0.004060258859464345,3.1292629484774115,FoVF,0.13022930699956975,0.7237185581011203,2457596.6690198025
HD 33632,1.3669889772966024,0.6516590165506833,05:13:17.448,+37:20:14.321,2016-07-27T08:21:32.554,1,0.0034392270401076255,3.116877979780593,FoVP,0.13854387784111935,0.724170859952826,2457596.8451910713
HD 33632,1.3669889772966024,0.6516590165506833,05:13:17.448,+37:20:14.321,2016-07-27T10:08:06.823,3,0.003220174398940672,3.111672752562402,FoVF,0.14204752721561414,0.7243303340855934,2457596.919203779
HD 33632,1.3669889772966024,0.6516590165506833,05:13:17.448,+37:20:14.321,2016-07-27T14:21:46.971,2,0.0027994552690540557,3.0992787745764105,FoVP,0.1504109179466158,0.7246368681123053,2457597.095374736
HD 33632,1.3669889772966024,0.6516590165506833,05:13:17.448,+37:20:14.321,2016-07-27T16:08:21.229,3,0.002665340738750663,3.0940704121321847,FoVF,0.1539340462749031,0.7247348503782834,2457597.169387342
HD 33632,1.3669889772966024,0.6516590165506833,05:13:17.448,+37:20:14.321,2016-07-27T20:22:01.358,2,0.0024486425767270693,3.081670569837051,FoVP,0.16234129836396347,0.7248944717745328,2457597.3455581274
HD 33632,1.3669889772966024,0.6516590165506833,05:13:17.448,+37:20:14.321,2016-07-27T22:08:35.611,3,0.0024010093550536505,3.0764604318182083,FoVF,0.16588178662740793,0.7249305255718157,2457597.4195706914
HD 33632,1.3669889772966024,0.6516590165506833,05:13:17.448,+37:20:14.321,2016-07-28T02:22:15.733,2,0.002391968504679075,3.0640580527793175,FoVP,0.17432777634488222,0.7249423130042384,2457597.5957414494
HD 33632,1.3669889772966024,0.6516590165506833,05:13:17.448,+37:20:14.321,2016-07-28T04:08:49.985,3,0.0024323280144230033,3.058847575269989,FoVF,0.17788344036041448,0.724916102015573,2457597.669754032
HD 33632,1.3669889772966024,0.6516590165506833,05:13:17.448,+37:20:14.321,2016-07-28T08:22:30.113,2,0.0026345009197534094,3.046446167753184,FoVP,0.18636289987487514,0.7247793795003656,2457597.8459249088
HD 33632,1.3669889772966024,0.6516590165506833,05:13:17.448,+37:20:14.321,2016-07-28T10:09:04.371,3,0.002764329210817298,3.0412368621777817,FoVF,0.1899314997313748,0.7246906732262365,2457597.9199375724
HD 33632,1.3669889772966024,0.6516590165506833,05:13:17.448,+37:20:14.321,2016-07-28T14:22:44.517,2,0.003181183779839112,3.0288401122270505,FoVP,0.19843904058849557,0.7244050230103958,2457598.0961087164
HD 33632,1.3669889772966024,0.6516590165506833,05:13:17.448,+37:20:14.321,2016-07-28T16:09:18.786,3,0.0034019178732009876,3.0236335639869374,FoVF,0.20201829092939788,0.7242537020485526,2457598.170121524
HD 33632,1.3669889772966024,0.6516590165506833,05:13:17.448,+37:20:14.321,2016-07-28T20:22:58.964,1,0.004036824717549616,3.0112453318580044,FoVP,0.2105484294938558,0.7238189768308214,2457598.346293086
HD 33632,1.3669889772966024,0.6516590165506833,05:13:17.448,+37:20:14.321,2016-07-28T22:09:33.248,2,0.004349858903315388,3.006043198698712,FoVF,0.21413601060055207,0.7236050378553299,2457598.4203061014
HD 33632,1.3669889772966024,0.6516590165506833,05:13:17.448,+37:20:14.321,2016-07-29T04:09:47.778,1,0.005612764589441238,2.9884715247663682,FoVF,0.22627676495516516,0.7227449326322577,2457598.6704915203
HD 33632,1.3669889772966024,0.6516590165506833,05:13:17.448,+37:20:14.321,2016-09-10T07:53:21.077,3,2.5697815122738374E-4,-2.4290032247557622,FoVP,-0.7192512483154985,0.7205751339300248,2457641.8294886546
HD 33632,1.3669889772966024,0.6516590165506833,05:13:17.448,+37:20:14.321,2016-10-17T19:13:04.480,2,0.0019670414371021298,2.3267191540506578,FoVP,0.4528101981918288,0.7141797978884794,2457679.304956016
HD 33632,1.3669889772966024,0.6516590165506833,05:13:17.448,+37:20:14.321,2016-10-17T20:59:38.636,2,0.0049775136690584825,2.3312166991054286,FoVF,0.44890664506950456,0.7158274316724391,2457679.378968362
HD 33632,1.3669889772966024,0.6516590165506833,05:13:17.448,+37:20:14.321,2016-10-28T09:06:29.801,3,0.003469437222110181,3.065978956067008,FoVF,-0.180726009925592,0.712925193808823,2457689.884508299
HD 33632,1.3669889772966024,0.6516590165506833,05:13:17.448,+37:20:14.321,2016-10-28T13:20:09.807,5,-0.002756221733663789,3.0773433937782557,FoVP,-0.18931149002963266,0.7086098902236475,2457690.060677803
HD 33632,1.3669889772966024,0.6516590165506833,05:13:17.448,+37:20:14.321,2017-01-28T21:19:07.703,5,-0.0022362656409328804,-0.26838445629601826,FoVP,0.29847350987287763,0.6975925921145726,2457782.3930357434
HD 33632,1.3669889772966024,0.6516590165506833,05:13:17.448,+37:20:14.321,2017-01-28T23:05:41.920,4,0.0011818264198154163,-0.2640267638820214,FoVF,0.2953490008385252,0.6997892657822943,2457782.4670374626
HD 33632,1.3669889772966024,0.6516590165506833,05:13:17.448,+37:20:14.321,2017-02-12T04:47:43.319,4,-2.97168219826661E-4,0.7062620273648472,FoVP,-0.5481689981488462,0.7034066986201087,2457796.7034035507
HD 33632,1.3669889772966024,0.6516590165506833,05:13:17.448,+37:20:14.321,2017-02-12T06:34:17.557,7,-0.0044351025601507554,0.709904993482966,FoVF,-0.5513672776360866,0.7016248404356326,2457796.7774044797
HD 33632,1.3669889772966024,0.6516590165506833,05:13:17.448,+37:20:14.321,2017-03-18T10:12:07.737,6,-0.004262440417520913,-0.891777649505845,FoVP,0.697256372367284,0.7091677863936382,2457830.925425397
HD 33632,1.3669889772966024,0.6516590165506833,05:13:17.448,+37:20:14.321,2017-03-18T11:58:41.940,4,0.0010442329234670706,-0.8928944307050657,FoVF,0.6977166434167678,0.7085186421825921,2457830.9994251765
